{
  "lambda_buy": 4.994334035257721,
  "lambda_sell": 5.0059012366824165,
  "lambda_buy_se": 0.009994346472436187,
  "lambda_sell_se": 0.010005920720708241,
  "lambda_buy_ci": [
    4.974745476122731,
    5.01392259439271
  ],
  "lambda_sell_ci": [
    4.986289992437666,
    5.025512480927167
  ],
  "kappa": 0.9857316084902273,
  "kappa_se": 0.0013940182814677158,
  "kappa_ci": [
    0.9829993828647602,
    0.9884638341156945
  ],
  "sigma": 0.020052450848900855,
  "sigma_se": 6.34126856159176e-05,
  "sigma_ci": [
    0.019928164268930695,
    0.020176737428871015
  ],
  "n_buy": 249716,
  "n_sell": 250294,
  "n_price": 49999,
  "log_likelihood_buy": 151903.26087641195,
  "log_likelihood_sell": 152833.8874909232,
  "ks_stat_buy": 0.001227230549812941,
  "ks_pvalue_buy": 0.8457791445781199,
  "ks_stat_sell": 0.001906471172045121,
  "ks_pvalue_sell": 0.32244270992148305,
  "confidence_level": 0.95
}